player,team
A Ashok,New Zealand
A Athanaze,West Indies
A Bagai,Canada
A Balbirnie,Ireland
A Bohara,Nepal
A Codrington,Canada
A Dananjaya,Sri Lanka
A Dutt,Netherlands
A Flintoff,England
A Flower,Zimbabwe
A Johnson,Canada
A Kumble,India
A Maregwede,Zimbabwe
A Martin,West Indies
A McGrath,England
A Mishra,India
A Mithun,India
A Nao,Papua New Guinea
A Nehra,India
A Neill,Scotland
A Nel,South Africa
A Nortje,South Africa
A Patel,Canada
A Phillip,West Indies
A Saud,Nepal
A Shahzad,England
A Shamshudeen,Canada
A Sharafu,United Arab Emirates
A Sharma,United Arab Emirates
A Symonds,Australia
A Vala,Papua New Guinea
A Valthapa,United Arab Emirates
A Zampa,Australia
A van der Merwe,Ireland
AA Jangoo,West Indies
AA Mulla,Canada
AA Obanda,Kenya
AA Paradkar,United States of America
AA Shafique,Oman
AAP Atkinson,England
AB Agarkar,India
AB Barath,West Indies
AB Dinda,India
AB de Villiers,South Africa
AC Agar,Australia
AC Botha,Ireland
AC Cummins,Canada
AC Dawson,South Africa
AC Evans,Scotland
AC Gilchrist,Australia
AC Voges,Australia
AD Hales,England
AD Mascarenhas,England
AD Mathews,Sri Lanka
AD Poynter,Ireland
AD Russell,West Indies
ADJ Pitcher,Bermuda
ADR Campbell,Zimbabwe
ADS Fletcher,West Indies
AF Buurman,Netherlands
AF Giles,England
AF Milne,New Zealand
AF Sattaur,Canada
AG Cremer,Zimbabwe
AG Prince,South Africa
AG Puttick,South Africa
AG Wharf,England
AGS Gous,United States of America
AJ Bichel,Australia
AJ Burger,Namibia
AJ Finch,Australia
AJ Hall,South Africa
AJ Hosein,West Indies
AJ Ireland,Zimbabwe
AJ McKay,New Zealand
AJ Redmond,New Zealand
AJ Stewart,England
AJ Strauss,England
AJ Turner,Australia
AJ Tye,Australia
AK Markram,South Africa
AK Perera,Sri Lanka
AK Sah,Nepal
AL Kandappah,Canada
AL Phehlukwayo,South Africa
AM Bacher,South Africa
AM Blignaut,Zimbabwe
AM Ellis,New Zealand
AM Fernando,Sri Lanka
AM Guruge,United Arab Emirates
AM Hardie,Australia
AM McCarthy,West Indies
AM Nayar,India
AM Phangiso,South Africa
AM Rahane,India
AM Samad,Canada
AM Tribe,Jersey
AN Cook,England
AN Kervezee,Netherlands
AN Petersen,South Africa
AO Suji,Kenya
AP Devcich,New Zealand
AR Adams,New Zealand
AR Berenger,United Arab Emirates
AR Bisht,Oman
AR Caddick,England
AR Cusack,Ireland
AR McBrine,Ireland
AR Nurse,West Indies
AR Odedara,Oman
AR Patel,India
AR Pitcher,Bermuda
AR White,Ireland
ARI Umeed,Scotland
AS Hansra,Canada
AS Joseph,West Indies
AS Luseno,Kenya
AT Carey,Australia
AT Nidamanuru,Netherlands
AT Rayudu,India
AU Rashid,England
AV Lalcheta,Oman
AWJ Auguste,West Indies
AY Karim,Kenya
Aaditya Varadarajan,Canada
Aamer Jamal,Pakistan
Aamer Yamin,Pakistan
Aamir Kaleem,Oman
Aarif Sheikh,Nepal
Aaron Jones,United States of America
Aasif Sheikh,Nepal
Aayan Afzal Khan,United Arab Emirates
Abdul Jabbar,Canada
Abdul Razzaq,Pakistan
Abdul Shakoor,United Arab Emirates
Abdullah Shafique,Pakistan
Abdur Razzak,Bangladesh
Abdur Rehman,Pakistan
Abid Ali,Pakistan
Abrar Ahmed,Pakistan
Abul Hasan,Bangladesh
Adeel Raja,Netherlands
Adnan Akmal,Pakistan
Adnan Mufti,United Arab Emirates
Afif Hossain,Bangladesh
Aftab Ahmed,Bangladesh
Afzaal Haider,Hong Kong
Agha Salman,Pakistan
Ahmed Raza,United Arab Emirates
Ahmed Shehzad,Pakistan
Ahsan Malik,Netherlands
Aijaz Ali,United States of America
Aizaz Cheema,Pakistan
Aizaz Khan,Hong Kong
Akeem Jordan,West Indies
Akhil Kumar,Canada
Akif Javed,Pakistan
Akram Khan,Bangladesh
Akshay Homraj,United States of America
Al Sahariar,Bangladesh
Al-Amin Hossain,Bangladesh
Alawi Shukri,United Arab Emirates
Ali Khan,United States of America
Ali Nadeem,Canada
Ali Naseer,United Arab Emirates
Alok Kapali,Bangladesh
Aman Ali,United Arab Emirates
Amir Hayat,United Arab Emirates
Amjad Ali,United Arab Emirates
Amjad Javed,United Arab Emirates
Anamul Haque,Bangladesh
Ankur Sharma,Hong Kong
Anop Santosh,Canada
Ansh Tandon,United Arab Emirates
Anshuman Rath,Hong Kong
Anwar Ali,Pakistan
Aqib Ilyas,Oman
Arafat Sunny,Bangladesh
Arshad Ali,United Arab Emirates
Arshad Khan,Pakistan
Arshdeep Singh,India
Aryan Lakra,United Arab Emirates
Asad Ali,Pakistan
Asad Shafiq,Pakistan
Ashfaq Ahmed,United Arab Emirates
Asif Ali,Pakistan
Asif Iqbal (1),United Arab Emirates
Asif Khan,United Arab Emirates
Avesh Khan,India
Ayan Khan,Oman
Azhar Ali,Pakistan
Azhar Mahmood,Pakistan
B Bhandari,Nepal
B Evans,Zimbabwe
B Fernando,Sri Lanka
B Geeves,Australia
B Kumar,India
B Laughlin,Australia
B Lee,Australia
B Mavuta,Zimbabwe
B Muzarabani,Zimbabwe
B Regmi,Nepal
B Sai Sudharsan,India
B Sharki,Nepal
B Shikongo,Namibia
B Siddharth,Oman
B Stanlake,Australia
B Ward,Jersey
B Zuiderent,Netherlands
BA Carse,England
BA King,West Indies
BA Murphy,Zimbabwe
BA Parchment,West Indies
BA Stokes,England
BA Westdijk,Netherlands
BA Williams,Australia
BAW Mendis,Sri Lanka
BB Chari,Zimbabwe
BB McCullum,New Zealand
BB Seebaran,Canada
BC Fortuin,South Africa
BC Lara,West Indies
BCJ Cutting,Australia
BD Glover,Netherlands
BDH Stevens,Jersey
BE Hendricks,South Africa
BFW de Leede,Netherlands
BG Lister,New Zealand
BG Rogers,Zimbabwe
BJ Bennett,Zimbabwe
BJ Curran,Zimbabwe
BJ Currie,Scotland
BJ Diamanti,New Zealand
BJ Dwarshuis,Australia
BJ Haddin,Australia
BJ Hodge,Australia
BJ McCarthy,Ireland
BJ McMullen,Scotland
BJ Patel,Kenya
BJ Watling,New Zealand
BKG Mendis,Sri Lanka
BL Kotze,Namibia
BM Duckett,England
BM Scholtz,Namibia
BM Tickner,New Zealand
BM Wheeler,New Zealand
BMAJ Mendis,Sri Lanka
BN Cooper,Netherlands
BO van Rooi,Namibia
BOP Fernando,Sri Lanka
BP Kruger,Netherlands
BP Loots,Netherlands
BP Nash,West Indies
BR Dorey,Australia
BR McDermott,Australia
BRM Taylor,Zimbabwe
BT Foakes,England
BTJ Wheal,Scotland
BV Sears,New Zealand
BV Vitori,Zimbabwe
BW Hilfenhaus,Australia
Babar Azam,Pakistan
Babar Hayat,Hong Kong
Badal Singh,Oman
Basil Hameed,United Arab Emirates
Basir Ahamad,Nepal
Bazid Khan,Pakistan
Bikram Sob,Nepal
Bilal Asif,Pakistan
Bilal Khan,Oman
Bilawal Bhatti,Pakistan
C Bosch,South Africa
C Campher,Ireland
C Carmichael,Ireland
C Carter,Hong Kong
C Cassell,Scotland
C Connolly,Australia
C Floyd,Netherlands
C Green,Australia
C Hemraj,West Indies
C Jonker,South Africa
C Karunaratne,Sri Lanka
C Kieswetter,England
C Madande,Zimbabwe
C McAuslan,Hong Kong
C Munro,New Zealand
C Overton,England
C Sakariya,India
C Tear,Scotland
C Viljoen,Namibia
C White,England
C Wickramasinghe,Sri Lanka
C Zhuwao,Zimbabwe
C de Grandhomme,New Zealand
CA Ingram,South Africa
CA Lynn,Australia
CA Pujara,India
CA Reid,United States of America
CA Soper,Papua New Guinea
CA Young,Ireland
CAH Stevenson,United States of America
CAK Rajitha,Sri Lanka
CAK Walton,West Indies
CB Lambert,United States of America
CB Mpofu,Zimbabwe
CB Sole,Scotland
CB Wishart,Zimbabwe
CBRLS Kumara,Sri Lanka
CD Collymore,West Indies
CD Cumming,New Zealand
CD McMillan,New Zealand
CD Wallace,Scotland
CD de Lange,Scotland
CE McConchie,New Zealand
CG Williams,Namibia
CH Gayle,West Indies
CH Morris,South Africa
CJ Anderson,New Zealand
CJ Bowes,New Zealand
CJ Chibhabha,Zimbabwe
CJ Dala,South Africa
CJ Ferguson,Australia
CJ Jordan,England
CJ McKay,Australia
CJ Nevin,New Zealand
CJ Smith,Bermuda
CJA Amini,Papua New Guinea
CJO Smith,Scotland
CK Coventry,Zimbabwe
CK Holder,West Indies
CK Hooper,Canada
CK Kapugedera,Sri Lanka
CK Kruger,Hong Kong
CK Langeveldt,South Africa
CK Tshuma,Zimbabwe
CKB Kulasekara,Sri Lanka
CL Cairns,New Zealand
CL Hooper,West Indies
CL White,Australia
CM McBride,Scotland
CM Wright,Scotland
CMW Read,England
CN Ackermann,Netherlands
CN Greaves,Scotland
CO Browne,West Indies
CO Obuya,Kenya
CP Rizwan,United Arab Emirates
CP Tremain,Australia
CR Brathwaite,West Indies
CR Ervine,Zimbabwe
CR Foggo,Bermuda
CR Woakes,England
CRD Fernando,Sri Lanka
CS Baugh,West Indies
CS MacLeod,Scotland
CS Martin,New Zealand
CT Mumba,Zimbabwe
CT Mutombodzi,Zimbabwe
CT Tremlett,England
CW Perchard,Jersey
CZ Harris,New Zealand
Chirag Suri,United Arab Emirates
Codi Yusuf,South Africa
D Bau,Papua New Guinea
D Birrell,Jersey
D Bishoo,West Indies
D Brevis,South Africa
D Cleaver,New Zealand
D Daesrath,Canada
D Elgar,South Africa
D Ferreira,South Africa
D Foxcroft,New Zealand
D Gamage,Sri Lanka
D Ganga,West Indies
D Gough,England
D Heyliger,Canada
D Joseph,Canada
D Keulder,Namibia
D Khanal,Nepal
D Lakshan,Sri Lanka
D Langford-Smith,Ireland
D Madushanka,Sri Lanka
D Mohammed,West Indies
D Mongia,India
D Murphy,Scotland
D Myers,Zimbabwe
D Parashar,United Arab Emirates
D Pretorius,South Africa
D Ramdin,West Indies
D Ravu,Papua New Guinea
D Soraine,Canada
D Wiese,Namibia
D la Cock,Namibia
DA Gunawardene,Sri Lanka
DA Marillier,Zimbabwe
DA Miller,South Africa
DA Minors,Bermuda
DA Warner,Australia
DAJ Bracewell,New Zealand
DAS Gunaratne,Sri Lanka
DB Kotze,Namibia
DBL Powell,West Indies
DC Drakes,West Indies
DC Thomas,West Indies
DCC Borden,Bermuda
DD Ebrahim,Zimbabwe
DDP D'Silva,United Arab Emirates
DE Bernard,West Indies
DE Bollinger,Australia
DE Budge,Scotland
DES Maxwell,Canada
DF Watts,Scotland
DG Blampied,Jersey
DG Brownlie,New Zealand
DI Allan,Kenya
DI Joyce,Ireland
DJ Bravo,West Indies
DJ Hooda,India
DJ Hussey,Australia
DJ Malan,England
DJ Mitchell,New Zealand
DJ Reekers,Netherlands
DJ Willey,England
DJ Worrall,Australia
DJG Sammy,West Indies
DJM Short,Australia
DK Butler,West Indies
DL Blake,United States of America
DL Chahar,India
DL Hemp,Bermuda
DL Vettori,New Zealand
DLS van Bunge,Netherlands
DM Bravo,West Indies
DM Dupavillon,South Africa
DM Richards,West Indies
DM de Silva,Sri Lanka
DN Wellalage,Sri Lanka
DNT Zoysa,Sri Lanka
DO Leicher,Namibia
DO Obuya,Kenya
DOD Rikhi,United States of America
DP Conway,New Zealand
DP Hyatt,West Indies
DPMD Jayawardene,Sri Lanka
DR Brown,Scotland
DR Chumney,Canada
DR Flynn,New Zealand
DR Martyn,Australia
DR Mousley,England
DR Smith,West Indies
DR Tuffey,New Zealand
DS Airee,Nepal
DS Bajwa,Canada
DS Kulkarni,India
DS Lehmann,Australia
DS Smith,West Indies
DS Weerakkody,Sri Lanka
DSK Madushanka,Sri Lanka
DT Christian,Australia
DT Hondo,Zimbabwe
DT Johnston,Ireland
DT Tiripano,Zimbabwe
DW Steyn,South Africa
Danish Aziz,Pakistan
Danish Kaneria,Pakistan
Dhiman Ghosh,Bangladesh
Dolar Mahmud,Bangladesh
E Bosch,South Africa
E Chigumbura,Zimbabwe
E Lewis,West Indies
E Malinga,Sri Lanka
E Otieno,Kenya
E Schiferli,Netherlands
EC Joyce,Ireland
EC Rainsford,Zimbabwe
EH Hutchinson,United States of America
EHSN Silva,United Arab Emirates
EJ Richardson,Ireland
EJB Miles,Jersey
EJG Morgan,England
EMDY Munaweera,Sri Lanka
ES Szwarczynski,Netherlands
Ebadat Hossain,Bangladesh
Ehsan Adil,Pakistan
Ehsan Khan,Hong Kong
Ehsan Nawaz,Hong Kong
Ehsanul Haque,Bangladesh
Elias Sunny,Bangladesh
Enamul Haque jnr,Bangladesh
Ethan D'Souza,United Arab Emirates
F Behardien,South Africa
F Hand,Ireland
F Kasteni,Zimbabwe
F Mutizwa,Zimbabwe
F du Plessis,South Africa
FA Allen,West Indies
FDM Karunaratne,Sri Lanka
FDW McCreath,Scotland
FH Allen,New Zealand
FH Edwards,West Indies
FJ Klaassen,Netherlands
FL Reifer,West Indies
FRJ Coleman,Scotland
FY Fazal,India
Fahad Alhashmi,United Arab Emirates
Fahad Nawaz,United Arab Emirates
Faheem Ashraf,Pakistan
Faisal Athar,Pakistan
Faisal Hossain,Bangladesh
Faisal Iqbal,Pakistan
Fakhar Zaman,Pakistan
Farhad Reza,Bangladesh
Fawad Ahmed,Australia
Fawad Alam,Pakistan
Fayyaz Ahmed,United Arab Emirates
Fayyaz Butt,Oman
Fazle Mahmud,Bangladesh
G Chapple,England
G Coetzee,South Africa
G Gambhir,India
G Hoey,Ireland
G Kirsten,South Africa
G Malla,Nepal
G Motie,West Indies
G Onions,England
G Singh,United States of America
G Snyman,Namibia
G Toka,Papua New Guinea
GA Lamb,Zimbabwe
GA Manou,Australia
GA Rogers,Scotland
GB Brent,Zimbabwe
GB Hogg,Australia
GB Murgatroyd,Namibia
GC Smith,South Africa
GC Tonge,West Indies
GC Wilson,Ireland
GD Drummond,Scotland
GD Elliott,New Zealand
GD McGrath,Australia
GD Phillips,New Zealand
GEF Barnett,Canada
GF Linde,South Africa
GH Bodi,South Africa
GH Dockrell,Ireland
GH O'Brien,Bermuda
GH Worker,New Zealand
GI Hume,Ireland
GI Maiden,Scotland
GJ Bailey,Australia
GJ Batty,England
GJ Delany,Ireland
GJ Hopkins,New Zealand
GJ Maxwell,Australia
GJ McCarter,Ireland
GJ Rennie,Zimbabwe
GJ Whittall,Zimbabwe
GJP Kruger,South Africa
GM Ewing,Zimbabwe
GM Hamilton,Scotland
GM Strydom,Zimbabwe
GO Jones,England
GP Swann,England
GP Thorpe,England
GR Codrington,Canada
GS Ballance,Zimbabwe
GSNFG Jayasuriya,Sri Lanka
GT Main,Scotland
GW Flower,Zimbabwe
Ghulam Shabber,United Arab Emirates
Gulsan Jha,Nepal
Gurkeerat Singh,India
H Carlyon,Jersey
H Davids,South Africa
H Durham,Bermuda
H Hiri,Papua New Guinea
H Kaushik,United Arab Emirates
H Klaasen,South Africa
H Masakadza,Zimbabwe
H Osinde,Canada
H Patel,Canada
H Shah,Nepal
H Thaker,Canada
HA Varaiya,Kenya
HAPW Jayawardene,Sri Lanka
HB Shipley,New Zealand
HC Brook,England
HD Rutherford,New Zealand
HDPK Dharmasena,Sri Lanka
HDRL Thirimanne,Sri Lanka
HE van der Dussen,South Africa
HF Gurney,England
HG Munsey,Scotland
HGV Vare,Papua New Guinea
HH Dippenaar,Africa XI
HH Gibbs,South Africa
HH Pandya,India
HH Streak,Zimbabwe
HJC Mol,Netherlands
HJH Marshall,New Zealand
HJW Gardiner,Scotland
HK Badani,India
HK Bennett,New Zealand
HK Olonga,Zimbabwe
HM Amla,South Africa
HM Nicholls,New Zealand
HMCM Bandara,Sri Lanka
HMRKB Herath,Sri Lanka
HN Ya France,Namibia
HP Rinke,Zimbabwe
HP Tillakaratne,Sri Lanka
HR Johnson,United States of America
HR Walsh,West Indies
HS Baidwan,Canada
HS Modi,Kenya
HT Tector,Ireland
HWR Cartwright,Australia
Habibul Bashar,Bangladesh
Haider Ali,United Arab Emirates
Hammad Azam,Pakistan
Hammad Mirza,Oman
Hamza Tahir,Scotland
Hamza Tariq,Canada
Hannan Sarkar,Bangladesh
Harbhajan Singh,India
Haris Rauf,Pakistan
Haris Sohail,Pakistan
Harmeet Singh,United States of America
Harshit Rana,India
Hasan Ali,Pakistan
Hasan Mahmud,Bangladesh
Haseeb Amjad,Hong Kong
Haseebullah Khan,Pakistan
Hashir Dafedar,Oman
Hasibul Hossain,Bangladesh
Hassan Nawaz,Pakistan
Hassnain Shah,Oman
Hazrat Bilal,United Arab Emirates
Hussain Talat,Pakistan
I Kaia,Zimbabwe
I Maraj,Canada
I Sharma,India
I Udana,Sri Lanka
I Wardlaw,Scotland
IA Karim,Kenya
IA Nicolson,Zimbabwe
ID Blackwell,England
IDR Bradshaw,West Indies
IE O'Brien,New Zealand
IG Butler,New Zealand
IG Holland,United States of America
IH Romaine,Bermuda
IJ Harvey,Australia
IJL Trott,England
IK Pathan,India
IPP Batuwitarachchi,United Arab Emirates
IR Bell,England
IS Billcliff,Canada
IS Sodhi,New Zealand
IS Sohi,Canada
Iftikhar Ahmed,Pakistan
Iftikhar Anjum,Pakistan
Imad Wasim,Pakistan
Imam-ul-Haq,Pakistan
Imran Farhat,Pakistan
Imran Haider,United Arab Emirates
Imran Nazir,Pakistan
Imran Tahir,South Africa
Imrul Kayes,Bangladesh
Inzamam-ul-Haq,Pakistan
Irfan Ahmed,Hong Kong
Irfan Khan,Pakistan
Ishan Kishan,India
J Anderson,Ireland
J Andrew,West Indies
J Blackwood,West Indies
J Blades,West Indies
J Botha,South Africa
J Campbell,Zimbabwe
J Charles,West Indies
J Da Silva,West Indies
J Drysdale,United States of America
J Edness,Bermuda
J Figy John,United Arab Emirates
J Fraser-McGurk,Australia
J Gumbie,Zimbabwe
J Jarvis,Scotland
J Kariko,Papua New Guinea
J Kila,Papua New Guinea
J Lewis,England
J Little,Ireland
J Liyanage,Sri Lanka
J Louw,South Africa
J Matharu,Canada
J Mubarak,Sri Lanka
J Nyumbu,Zimbabwe
J Overton,England
J Patraj,Canada
J Ramanandi,Oman
J Smits,Netherlands
J Srinath,India
J Sumerauer,Jersey
J Theron,United States of America
J Yadav,India
JA Burns,Australia
JA Clarkson,New Zealand
JA Duffy,New Zealand
JA McCollum,Ireland
JA Morkel,South Africa
JA Richardson,Australia
JA Rudolph,South Africa
JA Simpson,England
JA Turner,England
JAD Lawrenson,Jersey
JAH Marshall,New Zealand
JAR Blain,Scotland
JB Reva,Papua New Guinea
JC Archer,England
JC Balt,Namibia
JC Buttler,England
JC Tredwell,England
JD Campbell,West Indies
JD Nel,Scotland
JD Ryder,New Zealand
JDF Vandersay,Sri Lanka
JDP Oram,New Zealand
JDS Neesham,New Zealand
JE Dunford,Jersey
JE Root,England
JE Taylor,West Indies
JEC Franklin,New Zealand
JF Kloppenburg,Netherlands
JF Mooney,Ireland
JF Smith,South Africa
JG Bethell,England
JH Davey,Scotland
JH Desai,United States of America
JH Kallis,South Africa
JH Stander,Scotland
JI de Villiers,Namibia
JJ Atkinson,Hong Kong
JJ Bumrah,India
JJ Celestine,Bermuda
JJ Davidson,Scotland
JJ Esmeijer,Netherlands
JJ Krejza,Australia
JJ Roy,England
JJ Smit,Namibia
JJ Tucker,Bermuda
JJ van der Wath,South Africa
JJC Lawson,West Indies
JK Kamande,Kenya
JL Carter,West Indies
JL Denly,England
JL Ontong,South Africa
JL Pattinson,Australia
JL Smith,England
JM Anderson,England
JM Bairstow,England
JM Cox,England
JM Davison,Canada
JM How,New Zealand
JM Kemp,South Africa
JM Mennie,Australia
JM Vince,England
JN Frylinck,Namibia
JN Gillespie,Australia
JN Hamilton,West Indies
JN Loftie-Eaton,Namibia
JN Malan,South Africa
JN Mohammed,West Indies
JN Rhodes,South Africa
JNK Shannon,Ireland
JNT Seales,West Indies
JNT Vare,Papua New Guinea
JO Holder,West Indies
JO Ngoche,Kenya
JO Troughton,England
JOA Gordon,Canada
JP Behrendorff,Australia
JP Bray,Ireland
JP Duminy,South Africa
JP Faulkner,Australia
JP Greaves,West Indies
JP Inglis,Australia
JP Kotze,Namibia
JP Maher,Australia
JPR Lamsam,Hong Kong
JR Hazlewood,Australia
JR Hopes,Australia
JR Philippe,Australia
JS Ababu,Kenya
JS Malhotra,United States of America
JS Patel,New Zealand
JT Ball,England
JT Brassell,Namibia
JT Smuts,South Africa
JV Harris,Canada
JW Dernbach,England
JW Hastings,Australia
JW Jenner,Jersey
JW Wilson,New Zealand
JWA Taylor,England
JWM Dalrymple,England
Jahurul Islam,Bangladesh
Jai Prakash Yadav,India
Jaker Ali,Bangladesh
Jamaluddin Ahmed,Bangladesh
Jasdeep Singh,United States of America
Jaskaran Singh,Canada
Jatinder Singh,Oman
Javed Omar,Bangladesh
Jay Odedra,Oman
Joginder Sharma,India
Joseph Angara,Kenya
Jubair Hossain,Bangladesh
Junaid Khan,Pakistan
Junaid Siddique,United Arab Emirates
Junaid Siddique (2),United Arab Emirates
Junaid Siddiqui,Canada
K Bhurtel,Nepal
K Birkenstock,Namibia
K Christie,Hong Kong
K Doriga,Papua New Guinea
K Gore,United States of America
K Gowtham,India
K Kamyuka,Canada
K Klein,Netherlands
K Mahato,Nepal
K Mishara,Sri Lanka
K Phillip,United States of America
K Pierre,West Indies
K Rabada,South Africa
K Sinclair,West Indies
K Sonavale,Oman
K Verreynne,South Africa
K Weeraratne,Sri Lanka
K Whatham,Canada
K Zondo,South Africa
KA Edwards,West Indies
KA Hope,West Indies
KA Jamieson,New Zealand
KA Maharaj,South Africa
KA Pollard,West Indies
KAD Hurdle,Bermuda
KAJ Roach,West Indies
KAR Hodge,West Indies
KC Brathwaite,West Indies
KC Hodsoll,Bermuda
KC Sangakkara,Sri Lanka
KD Karthik,India
KD Mills,New Zealand
KD Shah,Hong Kong
KDK Vithanage,Sri Lanka
KED Carroll,Ireland
KH Butt,Hong Kong
KH Pandya,India
KH Prajapati,Oman
KHRK Fernando,Sri Lanka
KIC Asalanka,Sri Lanka
KJ Abbott,South Africa
KJ Coetzer,Scotland
KJ Harding,West Indies
KJ O'Brien,Ireland
KJJ van Noortwijk,Netherlands
KK Ahmed,India
KK Nair,India
KL Rahul,India
KL Tucker,Bermuda
KM Dabengwa,Zimbabwe
KM Jadhav,India
KM Jarvis,Zimbabwe
KMA Paul,West Indies
KMC Bandara,Sri Lanka
KMDN Kulasekara,Sri Lanka
KNA Bandara,Sri Lanka
KNM Fernando,Sri Lanka
KO Meth,Zimbabwe
KO Otieno,Kenya
KOA Powell,West Indies
KOK Williams,West Indies
KP Meiyappan,United Arab Emirates
KP Pietersen,England
KR Mayers,West Indies
KR Sen,India
KS Airee,Nepal
KS Lokuarachchi,Sri Lanka
KS Williamson,New Zealand
KT Maphaka,South Africa
KT Sandher,Canada
KTGD Prasad,Sri Lanka
KU Carty,West Indies
KV Morea,Papua New Guinea
KW Richardson,Australia
KY Ottley,West Indies
Kabir Ali,England
Kaleem Sana,Canada
Kaleemullah,Oman
Kamran Akmal,Pakistan
Kamran Ghulam,Pakistan
Kamran Hussain,Pakistan
Kamran Shazad,United Arab Emirates
Karan KC,Nepal
Kashif Daud,United Arab Emirates
Khaled Ahmed,Bangladesh
Khaled Mahmud,Bangladesh
Khaled Mashud,Bangladesh
Khalid Kail,Oman
Khalid Latif,Pakistan
Khawar Ali,Oman
Khurram Chohan,Canada
Khurram Khan,United Arab Emirates
Khurram Manzoor,Pakistan
Khurram Nawaz,Oman
Khushdil Shah,Pakistan
Krishna Chandran,United Arab Emirates
Kuldeep Yadav,India
Kushal Malla,Nepal
L Balaji,India
L Gregory,England
L Klusener,South Africa
L Louwrens,Namibia
L McCarthy,Ireland
L Ngidi,South Africa
L Ronchi,New Zealand
L Siaka,Papua New Guinea
L Sipamla,South Africa
L Sreekumar,United Arab Emirates
L Tucker,Ireland
L Vincent,New Zealand
L Wood,England
LA Dawson,England
LB Williams,South Africa
LC Romero,United States of America
LD Chandimal,Sri Lanka
LD Madushanka,Sri Lanka
LE Bosman,South Africa
LE Plunkett,England
LG Pretorius,South Africa
LH Ferguson,New Zealand
LHD Dilhara,Sri Lanka
LJ Burger,Namibia
LJ Hamilton,New Zealand
LJ Woodcock,New Zealand
LJ Wright,England
LL Tsotsobe,South Africa
LM Jongwe,Zimbabwe
LMP Simmons,West Indies
LN Onyango,Kenya
LN Rajbanshi,Nepal
LN Roche,Zimbabwe
LOB Cann,Bermuda
LP van Troost,Netherlands
LPC Silva,Sri Lanka
LR Johnson,West Indies
LR Morris,Australia
LR Naylor,Scotland
LRPL Taylor,New Zealand
LS Baker,West Indies
LS Livingstone,England
LV van Beek,Netherlands
Liton Das,Bangladesh
Lovepreet Singh,United Arab Emirates
M Bhanuka,Sri Lanka
M Commins,Ireland
M Dillon,West Indies
M Faraz Akram,Zimbabwe
M Gill,Canada
M Jansen,South Africa
M Kaif,India
M Karg,Namibia
M Kartik,India
M Labuschagne,Australia
M Levitt,Netherlands
M Morkel,South Africa
M Mpongwana,South Africa
M Muralitharan,Sri Lanka
M Ntini,South Africa
M Pathirana,Sri Lanka
M Prasidh Krishna,India
M Pushpakumara,Sri Lanka
M Shiraz,Sri Lanka
M Shumba,Zimbabwe
M Spoors,Canada
M Theekshana,Sri Lanka
M Vijay,India
M Zondeki,Africa XI
M van Jaarsveld,South Africa
M van Lingen,Namibia
M van Schoor,Namibia
MA Abbas,New Zealand
MA Agarwal,India
MA Aponso,Sri Lanka
MA Carberry,England
MA Jones,Scotland
MA Leask,Scotland
MA Ouma,Kenya
MA Starc,Australia
MA Suji,Kenya
MA Vermeulen,Zimbabwe
MA Wood,England
MADI Hemantha,Sri Lanka
MB Kruger,Namibia
MB Loye,England
MBS Jonkman,Netherlands
MC Henriques,Australia
MC Sorensen,Ireland
MD Bates,New Zealand
MD Dai,Papua New Guinea
MD Gunathilaka,Sri Lanka
MD Patel,United States of America
MD Shanaka,Sri Lanka
MD du Preez,Namibia
MDK Perera,Sri Lanka
MDKJ Perera,Sri Lanka
ME Sanuth,Oman
ME Trescothick,England
MEK Hussey,Australia
MF Maharoof,Sri Lanka
MG Bevan,Australia
MG Bracewell,New Zealand
MG Erasmus,Namibia
MG Johnson,Australia
MG Neser,Australia
MH Cross,Scotland
MH Yardy,England
MHW Papps,New Zealand
MJ Clarke,Australia
MJ Cosgrove,Australia
MJ Fourie,Ireland
MJ Guptill,New Zealand
MJ Hay,New Zealand
MJ Henry,New Zealand
MJ Hoggard,England
MJ Humphreys,Ireland
MJ Lumb,England
MJ Mason,New Zealand
MJ McClenaghan,New Zealand
MJ North,Australia
MJ Owen,Australia
MJ Potts,England
MJ Prior,England
MJ Santner,New Zealand
MJ Swepson,Australia
MJG Rippon,Netherlands
MK Pandey,India
MK Tiwary,India
MKDI Amerasinghe,Sri Lanka
MKGCP Lakshitha,Sri Lanka
ML Cummins,West Indies
ML Hayden,Australia
ML Lewis,Australia
ML Nkala,Zimbabwe
ML Patel,Kenya
ML Udawatte,Sri Lanka
MM Ali,England
MM English,Scotland
MM Iqbal,Scotland
MM Patel,India
MM Sharma,India
MMA Jonkman,Netherlands
MN Nawaz,Sri Lanka
MN Samuels,West Indies
MN Waller,Zimbabwe
MN van Wyk,South Africa
MNK Fernando,Sri Lanka
MO Jones,Bermuda
MO Odumbe,Kenya
MP Breetzke,South Africa
MP Kuhnemann,Australia
MP O'Dowd,Netherlands
MP Stoinis,Australia
MP Vaughan,England
MQ Sheikh,Scotland
MR Adair,Ireland
MR Gillespie,New Zealand
MR Johnson,United States of America
MR Marsh,Australia
MR Swart,Netherlands
MRJ Watt,Scotland
MS Atapattu,Sri Lanka
MS Chapman,New Zealand
MS Dhoni,India
MS Kasprowicz,Australia
MS Panesar,England
MS Sinclair,New Zealand
MS Tshabalala,South Africa
MS Wade,Australia
MT Chinouya,Zimbabwe
MT Renshaw,Australia
MV Boucher,South Africa
MVT Fernando,Sri Lanka
MW Forde,West Indies
MW Machan,Scotland
MW Parkinson,England
MW Short,Australia
MWA van Nierop,Netherlands
Mahbubul Alam,Bangladesh
Mahedi Hasan,Bangladesh
Mahidul Islam Ankon,Bangladesh
Mahmudullah,Bangladesh
Manjural Islam,Bangladesh
Manjural Islam Rana,Bangladesh
Mansoor Amjad,Pakistan
Mashrafe Mortaza,Bangladesh
Mehedi Hasan Miraz,Bangladesh
Mehrab Hossain jnr,Bangladesh
Mehran Khan,Oman
Milind Kumar,United States of America
Misbah-ul-Haq,Pakistan
Mohammad Aadil Alam,Nepal
Mohammad Ali,Pakistan
Mohammad Amir,Pakistan
Mohammad Ashraful,Bangladesh
Mohammad Asif,Pakistan
Mohammad Boota,United Arab Emirates
Mohammad Hafeez,Pakistan
Mohammad Haris,Pakistan
Mohammad Hasnain,Pakistan
Mohammad Iqbal,Canada
Mohammad Irfan,Pakistan
Mohammad Kashif,Netherlands
Mohammad Mithun,Bangladesh
Mohammad Nadeem,Oman
Mohammad Naim,Bangladesh
Mohammad Naveed,United Arab Emirates
Mohammad Nawaz,Pakistan
Mohammad Nawaz (3),Pakistan
Mohammad Rafique,Asia XI
Mohammad Rizwan,Pakistan
Mohammad Saifuddin,Bangladesh
Mohammad Salman,Pakistan
Mohammad Sami,Pakistan
Mohammad Shahzad (2),United Arab Emirates
Mohammad Talha,Pakistan
Mohammad Tauqir,United Arab Emirates
Mohammad Wasim,Pakistan
Mohammad Yousuf,Pakistan
Mohammed Qasim,United Arab Emirates
Mohammed Shami,India
Mohammed Siraj,India
Moin Khan,Pakistan
Mominul Haque,Bangladesh
Moniruzzaman,Bangladesh
Mosaddek Hossain,Bangladesh
Mosharraf Hossain,Bangladesh
Mrittunjoy Chowdhury,Bangladesh
Mudassar Bukhari,Netherlands
Muhammad Farooq,United Arab Emirates
Muhammad Jawadullah,United Arab Emirates
Muhammad Musa,Pakistan
Muhammad Rohid,United Arab Emirates
Muhammad Shahdad,United Arab Emirates
Muhammad Usman,United Arab Emirates
Mujibur Ali,Oman
Mukesh Kumar,India
Munir Dar,Hong Kong
Musa Ahmed,Netherlands
Mushfiqur Rahim,Bangladesh
Mushfiqur Rahman,Bangladesh
Mustafizur Rahman,Bangladesh
Muzahir Raza,Oman
N Boje,Africa XI
N Burger,South Africa
N Davin,Namibia
N Deonarine,West Indies
N Dickwella,Sri Lanka
N Dutta,Canada
N Fernandes,United Arab Emirates
N Hussain,England
N Ifill,Canada
N Kruger,Netherlands
N M'shangwe,Zimbabwe
N Madziva,Zimbabwe
N Peter,South Africa
N Pokana,Papua New Guinea
N Pooran,West Indies
N Pradeep,Sri Lanka
N Rana,India
N Vanua,Papua New Guinea
NA Greenwood,Jersey
NA Rock,Ireland
NA Saini,India
NA Statham,Netherlands
NA de Groot,Canada
NAM McLean,West Indies
NB Mahwire,Zimbabwe
ND McKenzie,South Africa
NE Bonner,West Indies
NF Kelly,New Zealand
NFI McCallum,Scotland
NG Jones,Ireland
NG Smith,New Zealand
NGRP Jayasuriya,Sri Lanka
NJ Astle,New Zealand
NJ O'Brien,Ireland
NK Patel,United States of America
NK Yadav,Nepal
NL McCullum,New Zealand
NLTC Perera,Sri Lanka
NM Carter,Scotland
NM Coulter-Nile,Australia
NM Hauritz,Australia
NM Lyon,Australia
NN Odhiambo,Kenya
NO Miller,West Indies
NP Kenjige,United States of America
NR Kirton,Canada
NR Kumar,Canada
NRJ Croes,Netherlands
NS Dhaliwal,Canada
NS Poonia,Scotland
NT Broom,New Zealand
NT Ellis,Australia
NT Pascal,West Indies
NV Knight,England
NV Ojha,India
NW Bracken,Australia
Nadeem Ahmed,Hong Kong
Naeem Islam,Bangladesh
Nafees Iqbal,Bangladesh
Nahid Rana,Bangladesh
Najeeb Amar,Hong Kong
Naseem Khushi,Oman
Naseem Shah,Pakistan
Nasir Aziz,United Arab Emirates
Nasir Hossain,Bangladesh
Nasir Jamshed,Pakistan
Nasir Javed,United States of America
Nasum Ahmed,Bangladesh
Naumanullah,Pakistan
Navdeep Saini,India
Naved Latif,Pakistan
Naved-ul-Hasan,Pakistan
Nazimuddin,Bangladesh
Nazmul Hossain,Bangladesh
Nazmul Hossain Shanto,Bangladesh
Nazmul Islam,Bangladesh
Nestor Dhamba,Oman
Nithish Kumar Reddy,India
Nizakat Khan,Hong Kong
Nurul Hasan,Bangladesh
O Davidson,Scotland
O Thomas,West Indies
OA Shah,England
OAC Banks,West Indies
OC McCoy,West Indies
OEG Baartman,South Africa
OF Smith,West Indies
OL Pitcher,Bermuda
OO Bascome,Bermuda
OP Stone,England
Omid Shafi Rahman,United Arab Emirates
P Jayawickrama,Sri Lanka
P Khadka,Nepal
P Kumar,India
P Mustard,England
P Nissanka,Sri Lanka
P Rathnayake,Sri Lanka
P Sarraf,Nepal
P Subrayen,South Africa
P Utseya,Zimbabwe
PA Browne,West Indies
PA Desai,Canada
PA Hitchcock,New Zealand
PA Jaques,Australia
PA Nixon,England
PA Patel,India
PA de Silva,Sri Lanka
PA van Meekeren,Netherlands
PADLR Sandakan,Sri Lanka
PARP Perera,Sri Lanka
PBB Rajapaksa,Sri Lanka
PC Connell,Ireland
PC de Silva,Sri Lanka
PD Collingwood,England
PD Macchi,Oman
PD McGlashan,New Zealand
PD Salt,England
PDRL Perera,Sri Lanka
PG Fulton,New Zealand
PG Gillespie,Ireland
PHKD Mendis,Sri Lanka
PHT Kaushal,Sri Lanka
PJ Cummins,Australia
PJ Forrest,Australia
PJ Hughes,Australia
PJ Ingram,New Zealand
PJ Moor,Zimbabwe
PJ Ongondo,Kenya
PJC Hoffmann,Scotland
PJK Mooney,Ireland
PKD Chase,Ireland
PL Mommsen,Scotland
PLS Gamage,Sri Lanka
PM Liyanagamage,Sri Lanka
PM Pushpakumara,Sri Lanka
PM Seelaar,Netherlands
PM Siddle,Australia
PP Chawla,India
PP Ojha,India
PP Shaw,India
PR Stirling,Ireland
PRP Boissevain,Netherlands
PS Athavale,Oman
PS Masvaure,Zimbabwe
PSP Handscomb,Australia
PT Collins,West Indies
PVD Chameera,Sri Lanka
PW Borren,Netherlands
PW Gunaratne,Sri Lanka
PWA Mulder,South Africa
PWH de Silva,Sri Lanka
Pankaj Singh,India
Pargat Singh,Canada
Parveen Kumar,Canada
Parvez Hossain Emon,Bangladesh
Pratis GC,Nepal
Q de Kock,South Africa
Qadeer Ahmed,United Arab Emirates
Qaiser Ali,Canada
R Ashwin,India
R Chopra,United Arab Emirates
R Clarke,England
R Dhakal,Nepal
R Dhawan,India
R Dravid,India
R Gunasekera,Canada
R Hekure,Papua New Guinea
R Klein,Netherlands
R McLaren,South Africa
R Murray,Zimbabwe
R Mutumbami,Zimbabwe
R Ngarava,Zimbabwe
R Parag,India
R Powell,West Indies
R Rampaul,West Indies
R Ravindra,New Zealand
R Sharma,India
R Shepherd,West Indies
R Telemachus,South Africa
R Trumpelmann,Namibia
R Vinay Kumar,India
R Walters,Namibia
RA Herman,South Africa
RA Jadeja,India
RA Jones,New Zealand
RA Mariu,New Zealand
RA Reifer,West Indies
RAP Nissanka,Sri Lanka
RAS Lakmal,Sri Lanka
RC Irani,England
RD Berrington,Scotland
RD Chahar,India
RD Gaikwad,India
RD Jacobs,West Indies
RD McCann,Ireland
RD Rickelton,South Africa
RD Shah,Kenya
RD Steede,Bermuda
RDM Leverock,Bermuda
RE van der Merwe,Netherlands
RG Aga,Kenya
RG Sharma,India
RH Scholte,Netherlands
RJ Harris,Australia
RJ Nicol,New Zealand
RJ Peterson,South Africa
RJ Sidebottom,England
RJ Trott,Bermuda
RJ van Vuuren,Namibia
RJW Topley,England
RK Kleinveldt,South Africa
RK Paudel,Nepal
RK Singh,India
RK Whelan,Ireland
RL Bhudia,Kenya
RL Chase,West Indies
RL Johnson,England
RL Powell,West Indies
RM Haq,Scotland
RM Jariwala,United States of America
RM Patidar,India
RM West,Ireland
RML Taylor,Scotland
RMMP Rathnayake,Sri Lanka
RMS Eranga,Sri Lanka
RN Bhatia,United Arab Emirates
RN Lewis,West Indies
RN ten Doeschate,Netherlands
RO Hinds,West Indies
RO Hurley,West Indies
RO Hussain,Scotland
RP Alexander,United States of America
RP Arnold,Sri Lanka
RP Burl,Zimbabwe
RP Lefebvre,Netherlands
RP Singh,India
RR Beaton,West Indies
RR Emrit,West Indies
RR Hendricks,South Africa
RR Joshi,Canada
RR Pant,India
RR Patel,Kenya
RR Powar,India
RR Ramdass,West Indies
RR Rossouw,South Africa
RR Sarwan,West Indies
RR Watson,Scotland
RS Bopara,England
RS Gavaskar,India
RS Higgins,Zimbabwe
RS Kaluwitharana,Sri Lanka
RS Morton,West Indies
RT Crandon,West Indies
RT Lyons,Scotland
RT Ponting,Australia
RTM Mendis,Sri Lanka
RV Uthappa,India
RW Chakabva,Zimbabwe
RW Price,Zimbabwe
RW Sims,Zimbabwe
RW Staple,United States of America
RWT Key,England
Rahat Ali,Pakistan
Rajin Saleh,Bangladesh
Rameez Shahzad,United Arab Emirates
Raqibul Hasan,Bangladesh
Rashid Latif,Pakistan
Rashid Zia,United States of America
Ravi Bishnoi,India
Ravinderpal Singh,Canada
Raza Hasan,Pakistan
Raza-ur-Rehman,Canada
Rehan Ahmed,England
Reon King,West Indies
Rishad Hossain,Bangladesh
Rizwan Cheema,Canada
Robiul Islam,Bangladesh
Rohan Mustafa,United Arab Emirates
Rony Talukdar,Bangladesh
Rubel Hossain,Bangladesh
Rumman Raees,Pakistan
S Badrinath,India
S Baker,England
S Bau,Papua New Guinea
S Bhari,Nepal
S Chanderpaul,West Indies
S Chattergoon,West Indies
S Daniel,Sri Lanka
S Dhakal,Nepal
S Dhamala,Nepal
S Dhaniram,Canada
S Dhawan,India
S Dube,India
S Fouch√©,Namibia
S Jora,Nepal
S Joseph,West Indies
S Jyoti,Canada
S Kalyan,United Arab Emirates
S Kaul,India
S Lamichhane,Nepal
S Mahmood,England
S Matsikenyeri,Zimbabwe
S Movva,Canada
S Mukuddem,Bermuda
S Muthusamy,South Africa
S Prasanna,Sri Lanka
S Qeshile,South Africa
S Randiv,Sri Lanka
S Samarawickrama,Sri Lanka
S Shrivastava,Oman
S Snater,Netherlands
S Sreesanth,India
S Sriram,India
S Thuraisingam,Canada
S Tyagi,India
S Vesawkar,Nepal
SA Abbott,Australia
SA Edwards,Netherlands
SA Engelbrecht,Netherlands
SA Wijeratne,Canada
SA Yadav,India
SB Bangar,India
SB Styris,New Zealand
SC Ganguly,India
SC Getkate,Ireland
SC Joseph,West Indies
SC Kuggeleijn,New Zealand
SC Meaker,England
SC Williams,Zimbabwe
SC van Schalkwyk,United States of America
SCJ Broad,England
SD Heazlett,Australia
SD Hope,West Indies
SD Outerbridge,Bermuda
SD Udal,England
SE Bond,New Zealand
SE Findlay,West Indies
SE Marsh,Australia
SE Rutherford,West Indies
SF Burger,Namibia
SF Mire,Zimbabwe
SG Borthwick,England
SG Whittingham,Scotland
SH Johnson,Australia
SHT Kandamby,Sri Lanka
SI Kamea,Papua New Guinea
SI Mahmood,England
SJ Baard,Namibia
SJ Benn,West Indies
SJ Cameron,Scotland
SJ Harmison,England
SJ Massiah,United States of America
SJ Modani,United States of America
SJ Myburgh,Netherlands
SJ Swanepoel,Namibia
SK Atai,Papua New Guinea
SK Patel,United States of America
SK Raina,India
SK Springer,West Indies
SK Warne,Australia
SKW Kelly,Bermuda
SL Malinga,Sri Lanka
SL Stewart,New Zealand
SM Boland,Australia
SM Curran,England
SM Davies,England
SM Ervine,Zimbabwe
SM Harwood,Australia
SM Katich,Australia
SM Pollock,South Africa
SM Sharif,Scotland
SM Sharma,United Arab Emirates
SM Warnapura,Sri Lanka
SMA Priyanjan,Sri Lanka
SMSM Senanayake,Sri Lanka
SN Netravalkar,United States of America
SN Thakur,India
SO Dowrich,West Indies
SO Hetmyer,West Indies
SO Ngoche,Kenya
SO Tikolo,Kenya
SP Fleming,New Zealand
SP Jones,England
SP Khakurel,Nepal
SP Krishnamurthi,United States of America
SP Narine,West Indies
SP Patil,United Arab Emirates
SP Terry,Ireland
SPD Smith,Australia
SR Clark,Australia
SR Hain,England
SR Mukkamalla,United States of America
SR Patel,England
SR Taylor,United States of America
SR Tendulkar,India
SR Thompson,Ireland
SR Waters,Kenya
SR Watson,Australia
SS Cottrell,West Indies
SS Iyer,India
SS Kang,United Arab Emirates
SS McKechnie,Hong Kong
SS Pathirana,Sri Lanka
SS Tiwary,India
SSB Magala,South Africa
SSD Arachchige,Sri Lanka
SSJ Brooks,West Indies
ST Doheny,Ireland
ST Finn,England
ST Gabriel,West Indies
ST Jayasuriya,Sri Lanka
STR Binny,India
SV Bahutule,India
SV Carlisle,Zimbabwe
SV Samson,India
SW Ambris,West Indies
SW Billings,England
SW Currie,Scotland
SW Masakadza,Zimbabwe
SW Poynter,Ireland
SW Tait,Australia
Saad Ali,Pakistan
Saad Bin Zafar,Canada
Saad Nasim,Pakistan
Sabbir Rahman,Bangladesh
Sabir Ali,United Arab Emirates
Saeed Ajmal,Pakistan
Saeed Anwar,Pakistan
Sagar Pun,Nepal
Saif Hassan,Bangladesh
Saim Ayub,Pakistan
Saleem Elahi,Pakistan
Salman Butt,Pakistan
Salman Faris,United Arab Emirates
Sami Aslam,Pakistan
Sami Faridi,Canada
Sandeep Goud,Oman
Sanwar Hossain,Bangladesh
Saqib Ali,United Arab Emirates
Saqib Zulfiqar,Netherlands
Saqlain Haider,United Arab Emirates
Saqlain Mushtaq,Pakistan
Sarfraz Ahmed,Pakistan
Saud Shakeel,Pakistan
Shabbir Ahmed,Pakistan
Shadab Khan,Pakistan
Shafiul Islam,Bangladesh
Shahadat Hossain,Bangladesh
Shahbaz Ahmed,India
Shaheen Shah Afridi,Pakistan
Shahid Afridi,Pakistan
Shahid Ahmadzai,Canada
Shahid Wasif,Hong Kong
Shahnawaz Dhani,Pakistan
Shahriar Hossain,Bangladesh
Shahriar Nafees,Bangladesh
Shahzaib Hasan,Pakistan
Shaiman Anwar,United Arab Emirates
Shakeel Ahmed,Oman
Shakib Al Hasan,Bangladesh
Shamim Hossain,Bangladesh
Shamsur Rahman,Bangladesh
Shan Masood,Pakistan
Shariz Ahmad,Netherlands
Sharjeel Khan,Pakistan
Shayan Jahangir,United States of America
Shivam Sharma,Canada
Shoaib Akhtar,Pakistan
Shoaib Khan,United Arab Emirates
Shoaib Malik,Pakistan
Shoriful Islam,Bangladesh
Shubham Ranjane,United States of America
Shubman Gill,India
Shuvagata Hom,Bangladesh
Sikandar Raza,Zimbabwe
Simandeep Singh,Hong Kong
Simi Singh,Ireland
Skhawat Ali,Hong Kong
Sohag Gazi,Bangladesh
Sohaib Maqsood,Pakistan
Sohail Khan,Pakistan
Sohail Tanvir,Pakistan
Sompal Kami,Nepal
Soumya Sarkar,Bangladesh
Steven Ryan Taylor,United States of America
Subashis Roy,Bangladesh
Sufiyan Muqeem,Pakistan
Sufyan Mehmood,Oman
Suhrawadi Shuvo,Bangladesh
Sultan Ahmed (2),United Arab Emirates
Sunzamul Islam,Bangladesh
Suraj Kumar,Oman
Surya Tamang,Nepal
Syed Rasel,Bangladesh
T Banton,England
T Bavuma,South Africa
T Duffin,Zimbabwe
T Gwandu,Zimbabwe
T Kaitano,Zimbabwe
T Kamungozi,Zimbabwe
T Lungameni,Namibia
T Maruma,Zimbabwe
T Marumani,Zimbabwe
T Mayes,Ireland
T Mishra,Kenya
T Mufudza,Zimbabwe
T Munyonga,Zimbabwe
T Mupariwa,Zimbabwe
T Muzarabani,Zimbabwe
T Panyangara,Zimbabwe
T Sangha,Australia
T Shamsi,South Africa
T Stubbs,South Africa
T Suri,United Arab Emirates
T Taibu,Zimbabwe
T Thushara,Sri Lanka
T de Zorzi,South Africa
T van der Gugten,Netherlands
TA Blundell,New Zealand
TA Boult,New Zealand
TAM Siriwardana,Sri Lanka
TB Robinson,New Zealand
TB Sole,Scotland
TBM de Leede,Netherlands
TC Bastiampillai,Canada
TC Bruce,Scotland
TCB Fernando,Sri Lanka
TD Astle,New Zealand
TD Paine,Australia
TG Gordon,Canada
TG Southee,New Zealand
TH David,Australia
TJ Bishop,West Indies
TJ Friend,Zimbabwe
TJ Heggelman,Netherlands
TJ Murtagh,Ireland
TJG Pringle,Netherlands
TK Canning,New Zealand
TK Curran,England
TK Musakanda,Zimbabwe
TK Patel,United States of America
TL Best,West Indies
TL Chatara,Zimbabwe
TL Chivanga,Zimbabwe
TL Seifert,New Zealand
TLW Cooper,Netherlands
TM Dilshan,Sri Lanka
TM Dowlin,West Indies
TM Head,Australia
TM Odoyo,Kenya
TMK Mawoyo,Zimbabwe
TN de Grooth,Netherlands
TP Ura,Papua New Guinea
TP Visee,Netherlands
TR Ambrose,England
TR Gripper,Zimbabwe
TS Chisoro,Zimbabwe
TS Kamunhukamwe,Zimbabwe
TS Nethula,New Zealand
TS Roland-Jones,England
TSS Mackintosh,Scotland
TT Bresnan,England
TT Samaraweera,Sri Lanka
TV Mufambisi,Zimbabwe
TW Hartley,England
TWM Latham,New Zealand
Tabarak Dar,Hong Kong
Taijul Islam,Bangladesh
Talha Jubair,Bangladesh
Tamim Iqbal,Bangladesh
Tanbir Hayder,Bangladesh
Tanveer Ahmed,Hong Kong
Tanvir Ahmed (1),Pakistan
Tanvir Islam,Bangladesh
Tanwir Afzal,Hong Kong
Tanzid Hasan,Bangladesh
Tanzim Hasan Sakib,Bangladesh
Tapash Baisya,Bangladesh
Tareq Aziz,Bangladesh
Taskin Ahmed,Bangladesh
Taufeeq Umar,Pakistan
Tayyab Tahir,Pakistan
Tilak Varma,India
Towhid Hridoy,Bangladesh
Tushar Imran,Bangladesh
U Bhagwan,Canada
U Bhatti,Canada
UDU Chandana,Sri Lanka
UT Khawaja,Australia
UT Yadav,India
UWMBCA Welegedara,Sri Lanka
Umair Ali,United Arab Emirates
Umar Akmal,Pakistan
Umar Amin,Pakistan
Umar Gul,Pakistan
Umran Malik,India
Usama Mir,Pakistan
Usman Khan,Pakistan
Usman Khan (2),Pakistan
Usman Limbada,Canada
Usman Rafiq,United States of America
Usman Salahuddin,Pakistan
Usman Shinwari,Pakistan
Utkarsh Srivastava,United States of America
V Aravind,United Arab Emirates
V Kohli,India
V Permaul,West Indies
V Sehwag,India
V Shankar,India
V Shetty,United Arab Emirates
V Shukla,Oman
V Sibanda,Zimbabwe
V Sukumaran,United Arab Emirates
VAB Tewarie,Netherlands
VB van Jaarsveld,South Africa
VC Drakes,West Indies
VD Philander,South Africa
VJ Kingma,Netherlands
VM Nyauchi,Zimbabwe
VR Aaron,India
VR Iyer,India
VRV Singh,India
VS Solanki,England
VV Morea,Papua New Guinea
VVS Laxman,India
Vikramjit Singh,Netherlands
W Barresi,Netherlands
W Jaffer,India
W Madhevere,Zimbabwe
W Mwayenga,Zimbabwe
W O'Rourke,New Zealand
W Sutherland,Australia
WA Agar,Australia
WA Young,New Zealand
WB Rankin,Ireland
WCA Ganegama,Sri Lanka
WD Balaji Rao,Canada
WD Parnell,South Africa
WF Stelling,Netherlands
WG Jacks,England
WIA Fernando,Sri Lanka
WK McCallan,Ireland
WP Masakadza,Zimbabwe
WP Myburgh,Namibia
WP Saha,India
WPUJC Vaas,Sri Lanka
WS Jayantha,Sri Lanka
WT Gavera,Papua New Guinea
WTS Porterfield,Ireland
WU Tharanga,Sri Lanka
WW Hinds,West Indies
Wahab Riaz,Pakistan
Waheed Ahmed,United Arab Emirates
Waqar Younis,Pakistan
Waqas Barkat,Hong Kong
Waqas Khan,Hong Kong
Waseem Muhammad,United Arab Emirates
Washington Sundar,India
Wasim Akram,Pakistan
Wasim Ali,Oman
XC Bartlett,Australia
XJ Doherty,Australia
XM Marshall,United States of America
Y Cariah,West Indies
Y Punja,United Arab Emirates
Y Venugopal Rao,India
YBK Jaiswal,India
YK Pathan,India
YS Chahal,India
YS Samra,Canada
Yasir Ali Chowdhury,Bangladesh
Yasir Arafat,Pakistan
Yasir Hameed,Pakistan
Yasir Mohammad,United States of America
Yasir Shah,Pakistan
Younis Khan,Pakistan
Yousuf Youhana,Asia XI
Yuvraj Singh,India
Z Crawley,England
Z Groenewald,Namibia
Z Khan,India
ZB Lion-Cachet,Netherlands
ZE Green,Namibia
ZE Surkari,Canada
ZGF Foulkes,New Zealand
Zafar Gohar,Pakistan
Zaheer Maqsood,United Arab Emirates
Zahid Ali,United Arab Emirates
Zahid Hussain,Canada
Zahid Mahmood,Pakistan
Zahid Shah,United Arab Emirates
Zahoor Khan,United Arab Emirates
Zain Abbas,Hong Kong
Zakir Hasan,Bangladesh
Zawar Farid,United Arab Emirates
Zeeshan Maqsood,Oman
Zeeshan Siddiqi,Canada
Ziaur Rahman,Bangladesh
Zubayr Hamza,South Africa
Zuhaib Zubair,United Arab Emirates
Zulfiqar Babar,Pakistan
Zulqarnain Haider,Pakistan
